User ID,Passkey
1,712
2,953
3,401
4,624
5,187
6,039
7,580
8,246
9,718
10,469
11,325
12,892
13,514
14,070
15,683
16,157
17,260
18,941
19,372
20,835
21,480
22,195
23,267
24,398
25,729
26,051
27,846
28,134
29,605
30,978
31,413
32,056
33,729
34,382
35,160
36,547
37,890
38,234
39,671
40,408
41,982
42,513
43,679
44,104
45,356
46,820
47,457
48,291
49,783
50,065
51,148
52,529
53,370
54,691
55,054
56,287
57,630
58,948
59,215
60,407
61,582
62,364
63,709
64,143
65,690
66,812
67,435
68,970
69,268
70,154
71,609
72,734
73,281
74,496
75,830
76,157
77,365
78,942
79,078
80,521
81,317
82,864
83,429
84,750
85,183
86,602
87,951
88,470
89,326
90,859
91,590
92,713
93,642
94,104
95,238
96,965
97,487
98,351
99,820
100,576
101,794
102,312
103,650
104,983
105,427
106,105
107,867
108,294
109,531
110,608
111,142
112,376
113,890
114,215
115,734
116,608
117,352
118,479
119,561
120,907
121,860
122,423
123,719
124,154
125,062
126,387
127,581
128,940
129,276
130,305
131,639
132,710
133,254
134,893
135,467
136,128
137,095
138,742
139,531
140,680
141,298
142,713
143,456
144,904
145,827
146,135
147,602
148,479
149,368
150,150
151,421
152,769
153,038
154,594
155,860
156,327
157,105
158,682
159,473
160,951
161,735
162,208
163,649
164,410
165,829
166,376
167,591
168,047
169,682
170,153
171,580
172,439
173,267
174,314
175,795
176,860
177,142
178,607
179,935
180,218
181,964
182,570
183,382
184,149
185,607
186,835
187,120
188,496
189,731
190,285
191,853
192,192
193,670
194,405
195,738
196,961
197,284
198,539
199,106
200,427